,_9m
0,5.828941779632809
1,5.8468346024380535
2,5.862702718060823
3,5.8786909720627
4,5.894647315628904
5,5.910273743166432
6,5.925737747306929
7,5.940923216036269
8,5.955862764562104
9,5.970696650905767
10,5.98565015590364
11,6.000685269070289
12,6.014803953615899
13,6.030113524925936
14,6.044860333408432
15,6.059809651849964
16,6.07403517724941
17,6.0881522114746005
18,6.1023126163507175
19,6.115150674025719
20,6.1278380013035765
21,6.130601159481886
22,6.144887477240098
23,6.157489289498021
24,6.170094111203403
25,6.182701943475038
26,6.196083291095708
27,6.209211857378953
28,6.222386510707792
29,6.234568184812399
30,6.2483367171021715
31,6.26210854889579
32,6.264738657354686
33,6.278787559525989
34,6.294145726674413
35,6.3096188247372655
36,6.324532862288631
37,6.338919906005355
38,6.35331053201052
39,6.3667434539985015
40,6.381282161359463
41,6.394483962889413
42,6.409848978573246
43,6.426187537430224
44,6.438632431181522
45,6.451079795593339
46,6.462927041133336
47,6.473192228516074
48,6.483700262348754
49,6.492750564003297
50,6.503358691324706
51,6.513017181419283
52,6.522677773436775
53,6.532493466494166
54,6.542722486636092
55,6.552001275859624
56,6.560894818026175
57,6.569789460087375
58,6.577486813102349
59,6.585185539908327
60,6.591965640902727
61,6.597357338286002
62,6.618711451967559
63,6.625948554762126
64,6.633215839034619
65,6.640648957511093
66,6.6480834302173974
67,6.655519257398414
68,6.663512890435034
69,6.670048280766184
70,6.675289093152926
71,6.681455655475467
72,6.6867574788197315
73,6.692060104671029
74,6.697363533046815
75,6.703890044270971
76,6.710370646667192
77,6.7164028280965935
78,6.722359648533735
79,6.727668070684887
80,6.732977127270566
81,6.73828681815128
82,6.747510739566517
83,6.754560035172992
84,6.7620019522377675
85,6.770804132136062
86,6.777219335608053
87,6.783635593589479
88,6.790016937751886
89,6.796134088302539
90,6.801339959454683
91,6.805654092575792
92,6.811187562784842
93,6.817401648664243
94,6.823616678604118
95,6.829683480342826
96,6.835670116422858
97,6.840894056687307
98,6.8472526859260325
99,6.853865798245535
100,6.854443956038024
101,6.855020867634007
102,6.855900307954841
103,6.855328506346483
104,6.856504780001003
105,6.856916643737665
106,6.85575038084218
107,6.854373997963463
108,6.852995761749846
109,6.851579600561195
110,6.849540604124473
111,6.848451835394454
112,6.842143651071408
113,6.840255699315388
114,6.838530776364214
115,6.8368040782617285
116,6.835075603696605
117,6.834109808148655
118,6.833813310477886
119,6.8339162723963405
120,6.834508217448172
121,6.834585658005943
122,6.834661849878353
123,6.834736791957677
124,6.834895263049667
125,6.83477137341399
126,6.835457719336379
127,6.835817326345715
128,6.8350165717589295
129,6.834214445615098
130,6.833410946799793
131,6.8318986746723045
132,6.830753601841756
133,6.831208328043536
134,6.832541584034892
135,6.830793389486802
136,6.829043492962718
137,6.827291893171657
138,6.823097755035905
139,6.818120081756346
140,6.811836244506415
141,6.803864053323096
142,6.79784779977109
143,6.791828069208327
144,6.785804859279956
145,6.77978235787325
146,6.772636831715006
147,6.764601700346534
148,6.75593243275119
149,6.744587683518474
150,6.733238338895081
151,6.721884396263805
152,6.709270930748705
153,6.697881103878459
154,6.687072038463986
155,6.676392662241679
156,6.665313347099465
157,6.654229439309971
158,6.643140936198465
159,6.621121280652481
160,6.598507975865606
161,6.575555743232486
162,6.551549312979267
163,6.527698078005174
164,6.503837823042975
165,6.4799685431009575
166,6.455159106147853
167,6.429968313791888
168,6.405989629864742
169,6.3830063056947175
170,6.3569035047864135
171,6.3307909334765196
172,6.304668586428982
173,6.277644603866406
174,6.2507675605617035
175,6.224315713004972
176,6.197806085276898
177,6.17029178339915
178,6.1427679549489405
179,6.115234595056344
180,6.086325352119314
181,6.058856840168615
182,6.019538091249391
183,5.982566807696463
184,5.948306180504574
185,5.903050621284236
186,5.870586946376071
187,5.83597667579554
188,5.800701299992987
189,5.765708479863251
190,5.728604928586263
191,5.691655065558872
192,5.654693178372311
193,5.617519615333376
194,5.579950403633323
195,5.542595904985154
196,5.502938091104311
197,5.4631203402761415
198,5.424282239753348
199,5.38543177960165
200,5.346134920597767
201,5.306736955360881
202,5.2674954901048965
203,5.227798136903855
204,5.188448333198232
205,5.1377798745497385
206,5.087095983787352
207,5.03612009303975
208,4.984892282832261
209,4.933184046705172
210,4.882393341851562
211,4.830643799726348
212,4.7783713892318165
213,4.7260841878037265
214,4.673584675933203
215,4.633835294042979
216,4.581797790043508
217,4.530869665374206
218,4.47941470215538
219,4.427781173836631
220,4.376132045047866
221,4.324467308745688
222,4.271198690843668
223,4.217613299848768
224,4.1622472058285265
225,4.106046024944322
226,4.050027132520378
227,3.9939918337607168
228,3.937940121456763
229,3.8817046531794066
230,3.826435464282225
231,3.7708913344309947
232,3.7153684938450686
233,3.6582607285253923
234,3.6011365772289405
235,3.543551417721856
236,3.483699702882604
237,3.4269319793280557
238,3.3684424992853845
239,3.309637414728667
240,3.25069224230859
241,3.1917316556692974
242,3.1319593033479753
243,3.072882114714547
244,3.0112084160084853
245,2.9514506798408844
246,2.873101407132876
247,2.854979882716492
248,2.836736388030957
249,2.8184865818910136
250,2.800741508059316
251,2.7829321754989644
252,2.7652312351869472
253,2.7478844879990527
254,2.730249481817765
255,2.712988647943696
256,2.696176553293138
257,2.6795192837319357
258,2.6627455453462963
259,2.64594199083065
260,2.6300134749579147
261,2.615577853084739
262,2.6007930656524803
263,2.583537245125778
264,2.5667806505158577
265,2.551875801399823
266,2.5369907323353127
267,2.5231429964085734
268,2.5083246887651436
269,2.4943764150537886
270,2.4811076186513255
271,2.4682488932881466
272,2.4550911234791197
273,2.441860447485486
274,2.433913829671016
275,2.4182333660507025
276,2.402698998157189
277,2.3870435039137146
278,2.369904991439502
279,2.3533820333952997
280,2.3346906048681575
281,2.3162330999305887
282,2.2977623233487483
283,2.27913235221832
284,2.260457654286535
285,2.2418590851329903
286,2.2227678529375297
287,2.2047385877703
288,2.1861764853155625
289,2.1671156420802724
290,2.148124090489074
291,2.1290874693571844
292,2.1106248686125237
293,2.0921239778909504
294,2.07331729014338
295,2.054477467626362
296,2.0209237944390805
297,2.002092311759961
298,1.9831015219724648
299,1.9632648399991623
300,1.9438106491811862
301,1.9248339601265299
302,1.9058524717103813
303,1.886943717174498
304,1.8681482442893813
305,1.8494213448536545
306,1.8309898651522785
307,1.8122944514152364
308,1.792115446733468
309,1.772581820344235
310,1.7534453846932534
311,1.734162947987043
312,1.7146061440980809
313,1.6967885823083204
314,1.6781289199853546
315,1.6604486388076083
316,1.6384101031543201
317,1.6196745630104665
318,1.6007841488923882
319,1.5804143701911633
320,1.5616608973642236
321,1.5428668172833069
322,1.5244030288695214
323,1.5063492908105003
324,1.494249462842121
325,1.4766276783107006
326,1.4584399611495824
327,1.441162010128891
328,1.4233045107653028
329,1.4055799458882587
330,1.387667610698407
331,1.369950972148537
332,1.3511834563331737
333,1.3323751609694074
334,1.3145888618510835
335,1.2969924625160525
336,1.2894918680856113
337,1.270104927710216
338,1.2511039686664196
339,1.232514251960258
340,1.2141108318168348
341,1.195170495007412
342,1.1769517601279826
343,1.1579457446257564
344,1.1392771055107174
345,1.1202544940805756
346,1.1014932187138031
347,1.0830639453069892
348,1.0644835087575215
349,1.0453050322573167
350,1.0247757896328613
351,1.0045506175914003
352,0.9847897493356843
353,0.96502366025745
354,0.9452523481871928
355,0.9252831540331536
356,0.9056940641652016
357,0.8853049542758562
358,0.8620876112602414
359,0.8415928040058294
360,0.8223355037514093
361,0.8033398628194988
362,0.7852566974912261
363,0.7674693351292268
364,0.75087270486123
365,0.7337781362441831
366,0.7165316418895182
367,0.6999599401787071
368,0.6845137289735126
369,0.6691356250215961
370,0.6538351380067011
371,0.6386582933491622
372,0.6225693907292227
373,0.608003850486579
374,0.5921981428600409
375,0.5766545071045588
376,0.5606367373110457
377,0.5437996411619936
378,0.5251935671143357
379,0.5066190103578574
380,0.48966210208910077
381,0.47300477891328985
382,0.45623377960745337
383,0.43931278433436205
384,0.4227351151247687
385,0.4062573624073238
386,0.39531750817704747
387,0.3788292751481679
388,0.36233622458371073
389,0.3472380857154551
390,0.33198906582790677
391,0.31662822328826934
392,0.3015049160778407
393,0.2857331563528289
394,0.27015415360882233
395,0.25457095470954005
396,0.23902478298214724
397,0.2202442333565262
398,0.20438715346796066
399,0.1887182563483627
400,0.17301594562834666
401,0.1579989046034962
402,0.14297790057405813
403,0.12784138092041442
404,0.11281907159992333
405,0.0974942449566436
406,0.08024358968929057
407,0.06227831204256962
408,0.04567703353473629
409,0.029071165705236268
410,0.012726917730172538
411,-0.0033906493173736507
412,-0.019471445087988926
413,-0.03623013538611275
414,-0.05268215393187514
415,-0.06894199414252444
416,-0.08520624435802304
417,-0.1021148478102143
418,-0.11871948239676477
419,-0.13671946015688885
420,-0.15437859081523886
421,-0.1694278301353167
422,-0.18470119854409894
423,-0.19997860264095735
424,-0.21537145734036223
425,-0.2297805422686654
426,-0.2447953705490269
427,-0.257862537678875
428,-0.27362116178077045
429,-0.28919213187815984
430,-0.3047671821519602
431,-0.3204182761566141
432,-0.3365225981857254
433,-0.35209791063170925
434,-0.3681258579950022
435,-0.38437183217647863
436,-0.4006583872371099
437,-0.41694938994939346
438,-0.4333165544372273
439,-0.4499499342693376
440,-0.46666299686968493
441,-0.48466795772438775
442,-0.5018805703923226
443,-0.5190187857408706
444,-0.536161907857382
445,-0.5533099389269784
446,-0.5696291424920705
447,-0.589795197714527
448,-0.6069070023163565
449,-0.6238713101140556
450,-0.6388716661356417
451,-0.6536831922527391
452,-0.6686461734279465
453,-0.6821314624638024
454,-0.6958089970718486
455,-0.708643337482779
456,-0.7235655891731971
457,-0.7400824441473919
458,-0.756221803898443
459,-0.7721727455700469
460,-0.7894498408417805
461,-0.804869653071461
462,-0.8193719078120756
463,-0.834104277221158
464,-0.8470603423333056
465,-0.8602434113522541
466,-0.8741075956182103
467,-0.8873665210841111
468,-0.9010800726562085
469,-0.9142965468153026
470,-0.9287620132822854
471,-0.9422877635997695
472,-0.9563812917862604
473,-0.970739862124435
474,-0.9847958408351687
475,-0.9994952890405973
476,-1.0139969093744163
477,-1.0232896103023013
478,-1.037262635890058
479,-1.0512400993188358
480,-1.0647994237926799
481,-1.0782448970882754
482,-1.0916157832479376
483,-1.1056293026216508
484,-1.119747923177834
485,-1.1334924490778304
486,-1.147241204729264
487,-1.1608377186402228
488,-1.173642492718101
489,-1.186978954877687
490,-1.2005035274719438
491,-1.2140576803622594
492,-1.2274286256721538
493,-1.2408037170287605
494,-1.2541025969291377
495,-1.2665688434725686
496,-1.2789236423791728
497,-1.2910873299347765
498,-1.3034323703767354
499,-1.3163134967661154
500,-1.3291986127460431
501,-1.342159558707909
502,-1.355578298927747
503,-1.3683105246773462
504,-1.3816761490084053
505,-1.3950768002068692
506,-1.407276783217748
507,-1.419480490645336
508,-1.4326354991993568
509,-1.4450718879062627
510,-1.4584230902345645
511,-1.4697350897458676
512,-1.4816039792823368
513,-1.4946551701367428
514,-1.5077108440935856
515,-1.5203091605725305
516,-1.5324909260130628
517,-1.5446712755599723
518,-1.5573858009325487
519,-1.570393907527797
520,-1.5834855541798767
521,-1.5965816255381071
522,-1.60975355685619
523,-1.6230022861144011
524,-1.6356829635488808
525,-1.6477931270953272
526,-1.6598941189439271
527,-1.6720793111324923
528,-1.6842686330640522
529,-1.6963809998002617
530,-1.7089139681007746
531,-1.7216723546679695
532,-1.7360695273791782
533,-1.7497312914639211
534,-1.7636286245703472
535,-1.7775306602577432
536,-1.7913180951439207
537,-1.8041574795136084
538,-1.816165479036779
539,-1.826171523227166
540,-1.8351736830296677
541,-1.844228576690945
542,-1.853286805190737
543,-1.8623053690231348
544,-1.8723887309723608
545,-1.882539901182052
546,-1.8938626048321634
547,-1.9061891989879056
548,-1.916108105902655
549,-1.9260303498177924
550,-1.936232084776984
551,-1.9466716057069746
552,-1.9570349933539068
553,-1.9657670075080143
554,-1.97547043833426
555,-1.9834092463371844
556,-1.9913507270590696
557,-1.9994108535030914
558,-2.0067884043169606
559,-2.0137474680846292
560,-2.02043962422621
561,-2.0279709520411524
562,-2.0353090276827857
563,-2.042649697738976
564,-2.0497216164275924
565,-2.056839328422557
566,-2.064344221858783
567,-2.0718099620990618
568,-2.0788906689395352
569,-2.0856737522312523
570,-2.092459427024651
571,-2.099125597134564
572,-2.105869187318742
573,-2.1128051630375806
574,-2.120395742421927
575,-2.127317847891689
576,-2.1350019146079617
577,-2.1426887206833474
578,-2.1496601353848055
579,-2.156372901879225
580,-2.164287369045619
581,-2.1715718184426
582,-2.1782046445377903
583,-2.1843583776124476
584,-2.190514587013327
585,-2.1964768455131454
586,-2.2024745934009387
587,-2.2077880001477173
588,-2.213216582604149
589,-2.219900346599979
590,-2.2250797897810184
591,-2.230261501541862
592,-2.2355167716991335
593,-2.2399371539752
594,-2.2438264580435288
595,-2.245452970337805
596,-2.247487964711767
597,-2.24934127792282
598,-2.2511957348408584
599,-2.2534286080204415
600,-2.259634075747167
601,-2.260586278193963
602,-2.262819506082458
603,-2.265054547375361
604,-2.265415814115376
605,-2.265963052378696
606,-2.2660477867482207
607,-2.2653358368855105
608,-2.2646223689216036
609,-2.2639762148439795
610,-2.2633751642177335
611,-2.2482993752788207
612,-2.2478713005724433
613,-2.247628474646797
614,-2.2479159333753715
615,-2.2482102146807117
616,-2.248675805019996
617,-2.249450176697966
618,-2.2498190440702572
619,-2.2499985081471188
620,-2.2504774948352777
621,-2.250990026486999
622,-2.251051779903473
623,-2.2514118990020124
624,-2.251315800430289
625,-2.2497770726121438
626,-2.2485912704141473
627,-2.2472833727341754
628,-2.2472539983082234
629,-2.2476707332329067
630,-2.244286339658353
631,-2.2422737232287773
632,-2.241384663435724
633,-2.2404615386696545
634,-2.237830255019351
635,-2.2371990868864193
636,-2.237138513616009
637,-2.2369129441747715
638,-2.2374649922711543
639,-2.243777547015706
640,-2.2446891075258026
641,-2.2450735957641372
642,-2.246564384277802
643,-2.2495758424425274
644,-2.252148869860507
645,-2.2546363760794677
646,-2.257205095240467
647,-2.258616840192672
648,-2.260066018743043
649,-2.2607007313537775
650,-2.261608734868614
651,-2.261302181985103
652,-2.260876529590674
653,-2.2602576165421073
654,-2.2600553428379033
655,-2.260575663453646
656,-2.261628668076458
657,-2.2621006342242875
658,-2.262288392208398
659,-2.263450200000987
660,-2.263225365885739
661,-2.2740971460937605
662,-2.2743924508466415
663,-2.2752562766550284
664,-2.274709697007556
665,-2.2728934103229115
666,-2.271661248746918
667,-2.270728251185302
668,-2.269865765440578
669,-2.26949308499474
670,-2.2692648413502523
671,-2.2689462003985668
672,-2.268519034073222
673,-2.2682441285242136
674,-2.267628260615976
675,-2.2683256510390253
676,-2.2691316795558434
677,-2.2702450243819534
678,-2.271024511246716
679,-2.271551970000959
680,-2.2717020485238333
681,-2.271554124864932
682,-2.272086178800878
683,-2.2733996030244343
684,-2.2749322086226886
685,-2.278644896273728
686,-2.2824868415183595
687,-2.2857280024462527
688,-2.288900090034832
689,-2.2908376443721954
690,-2.288210833318441
691,-2.288632857806908
692,-2.288387173509374
693,-2.284943064895523
694,-2.2815736111692138
695,-2.2805170323455215
696,-2.279490794603066
697,-2.277698613307254
698,-2.2757563803069
699,-2.2740829054816976
700,-2.2720448432975706
701,-2.2763121537964937
702,-2.2741812295080184
703,-2.271967339206876
704,-2.271146821177819
705,-2.2718194215148406
706,-2.27165099835568
707,-2.272621470081697
708,-2.273059575297556
709,-2.273234788017249
710,-2.2730210709908585
711,-2.2722679749349446
712,-2.271630585165669
713,-2.2707212234027967
714,-2.270786725557034
715,-2.270786031808247
716,-2.270969331163087
717,-2.270763624915306
718,-2.2700980120506093
719,-2.2692377842406035
720,-2.2680714432789246
721,-2.2659286044198543
722,-2.2634556199515607
723,-2.262122429231245
724,-2.259670997551728
725,-2.257752062096732
726,-2.2567497784880493
727,-2.2558972894688436
728,-2.2539273327116893
729,-2.252237886191214
730,-2.2508930149349355
731,-2.249503931184333
732,-2.2476961058644154
733,-2.2462740510399177
734,-2.2451186319804135
735,-2.2440320936151137
736,-2.2437113208138415
737,-2.2430518812874203
738,-2.242310082385755
739,-2.241607004076675
740,-2.2406742146686573
741,-2.239890717523452
742,-2.2399305354078063
743,-2.2395257914242395
744,-2.2391636251794713
745,-2.2388019460928392
746,-2.238170531809069
747,-2.236357962033689
748,-2.2344579949666414
749,-2.2316707648943526
750,-2.227982788549217
751,-2.2242641894265347
752,-2.21675117370137
753,-2.2129711671306778
754,-2.2093899445246974
755,-2.206306928008229
756,-2.2016901481463558
757,-2.197065610996537
758,-2.191012825807525
759,-2.184958130182288
760,-2.1789015232352043
761,-2.1743718728929684
762,-2.1662690632501382
763,-2.162851823146319
764,-2.159544345240115
765,-2.156300949831861
766,-2.1532498353582037
767,-2.150050718525149
768,-2.146383101809964
769,-2.1439039506242885
770,-2.1409320863141863
771,-2.1385778064728775
772,-2.1362085376307522
773,-2.1342209083445374
774,-2.132425843452048
775,-2.130894171574565
776,-2.128480814488575
777,-2.126508854211899
778,-2.1238939448414307
779,-2.1215664811969814
780,-2.1190153650772086
781,-2.115786486862869
782,-2.1120836708204935
783,-2.1086571449289107
784,-2.105526709024316
785,-2.1010736829353345
786,-2.0967522835388497
787,-2.091865955392959
788,-2.0867174356556166
789,-2.0814134846614216
790,-2.075618849831139
791,-2.07018281815294
792,-2.0689547094529868
793,-2.0630417895726314
794,-2.057126918703066
795,-2.0516326748938445
796,-2.045867356400401
797,-2.0398325121686245
798,-2.0333756805589607
799,-2.027123656895366
800,-2.0208191384573393
801,-2.0145125386637366
802,-2.008360330043888
803,-2.002208757919167
804,-1.9958653616390762
805,-1.9879473908729608
806,-1.9787648176629844
807,-1.9709050671541384
808,-1.9630425891135737
809,-1.95525774162168
810,-1.9475179861248364
811,-1.9395532814884602
812,-1.9320082369879055
813,-1.9236896118250693
814,-1.916207729606775
815,-1.9087232620068288
816,-1.903010682750022
817,-1.8963028451298012
818,-1.8905086884991134
819,-1.885468119040154
820,-1.8799157316955108
821,-1.8756613354942564
822,-1.8714057278476295
823,-1.8661951299047246
824,-1.860404489102753
825,-1.8540116447067083
826,-1.8470778931376692
827,-1.8396463592926153
828,-1.8319171780864618
829,-1.8241852588061631
830,-1.8164434465126584
831,-1.808696254848014
832,-1.8016377439518285
833,-1.7942385805346914
834,-1.7865280608660834
835,-1.7782828980122547
836,-1.7700347373108958
837,-1.76182215917889
838,-1.7538033738521
839,-1.7455463110013447
840,-1.7368176062782306
841,-1.7289743288473858
842,-1.720984584539936
843,-1.712090513641809
844,-1.704174998073765
845,-1.6952609157386664
846,-1.6869620170740873
847,-1.6773693071215225
848,-1.6670779326081755
849,-1.6567427135074047
850,-1.6464036358412164
851,-1.6361800033024751
852,-1.625983902578655
853,-1.6170546330942948
854,-1.60747060781698
855,-1.5984239063587404
856,-1.5891355997665597
857,-1.5798438290546928
858,-1.5705915936409127
859,-1.5612320622930698
860,-1.5532517246048876
861,-1.54601209865129
862,-1.5387058104320088
863,-1.5322212010230158
864,-1.5257342591194947
865,-1.5185242159621666
866,-1.5118830842567723
867,-1.5053165478543615
868,-1.5005538099934324
869,-1.4950073940256443
870,-1.489150586120501
871,-1.4832916266298968
872,-1.4770533230456548
873,-1.4690325274574487
874,-1.4620522105991531
875,-1.4558401463716493
876,-1.4490380129549862
877,-1.4431782063822123
878,-1.4373161861343426
879,-1.431762601472716
880,-1.4258654356068856
881,-1.418699646213442
882,-1.4114151340244785
883,-1.4046797667793447
884,-1.3986263357473971
885,-1.3925705440930978
886,-1.3868616824602364
887,-1.3812692641174422
888,-1.3748674904394633
889,-1.3673181003444839
890,-1.361542530360924
891,-1.35541106943439
892,-1.3492772615913653
893,-1.3432227011525972
894,-1.337091594273872
895,-1.329992964943485
896,-1.3225892523726044
897,-1.3172094121178848
898,-1.3118563719413823
899,-1.3065013034472681
900,-1.3013406341863298
901,-1.295167645133282
902,-1.2896828391527997
903,-1.2831956935228375
904,-1.275525749910253
905,-1.267737298357023
906,-1.2599458230783567
907,-1.2520800339153935
908,-1.2442448947674452
909,-1.236987014813069
910,-1.2318570661767678
911,-1.225624524310705
912,-1.2194291154614225
913,-1.213231267331551
914,-1.2066537067754268
915,-1.1962585171621374
916,-1.1895324731955652
917,-1.1829474945241767
918,-1.1761335053438398
919,-1.1691733932551838
920,-1.1620252207480979
921,-1.155337462227557
922,-1.149254987766735
923,-1.1424408504185903
924,-1.136101140077069
925,-1.129448701648224
926,-1.122590450604795
927,-1.1157350326431965
928,-1.108844294001143
929,-1.1006054869386102
930,-1.0926785881397771
931,-1.0859663154627421
932,-1.078285620721661
933,-1.0703533057189238
934,-1.0624615294668862
935,-1.0543431440816589
936,-1.0457197975415475
937,-1.0385258441106764
938,-1.030887350877844
939,-1.0245887007300105
940,-1.019388283527622
941,-1.0133132166477195
942,-1.0075849760452646
943,-1.0003927332214841
944,-0.993826594883739
945,-0.9906239323749206
946,-0.9828298716748938
947,-0.9749198869898077
948,-0.9670067229959605
949,-0.9592879325714376
950,-0.95127301148898
951,-0.9426451272580048
952,-0.935056249994008
953,-0.9264374693731545
954,-0.9188979293479225
955,-0.9113553522624898
956,-0.9038538285093649
957,-0.8951194619425138
958,-0.8849605569628558
959,-0.8743011552692508
960,-0.8639647559025363
961,-0.8513570913132229
962,-0.838744391625128
963,-0.8260942069623498
964,-0.8149380886650519
965,-0.803772219696592
966,-0.7985646327512725
967,-0.7912374499328658
968,-0.7854685845608165
969,-0.7796973238139957
970,-0.7713810729002253
971,-0.7622189768076639
972,-0.7537843856529305
973,-0.7446569055908885
974,-0.7354966117356234
975,-0.7270988404755663
976,-0.7078677317291628
977,-0.700004789767144
978,-0.6915729107810833
979,-0.6845302347918993
980,-0.6757850283141922
981,-0.6667510053507666
982,-0.6574338988639887
983,-0.6480426427367751
984,-0.6379983438519643
985,-0.6280331554409937
986,-0.6186185575668697
987,-0.6073104504048041
988,-0.5965646589679876
989,-0.5852879939421332
990,-0.5739366460430384
991,-0.5637754548149303
992,-0.5536566994138497
993,-0.5433238333534272
994,-0.5344084089532171
995,-0.5263963990789593
996,-0.5177372932389552
997,-0.5092455350153937
998,-0.5010996115474109
999,-0.4943408722344298
1000,-0.4852483855243248
1001,-0.47557380663939774
1002,-0.4653843851901547
1003,-0.4561462582995448
1004,-0.4469042066634117
1005,-0.4424903021148534
1006,-0.4336011844546901
1007,-0.42505785776643634
1008,-0.41782730227075415
1009,-0.41082067230746855
1010,-0.40257608164523084
1011,-0.39460221714156685
1012,-0.3872821025531499
1013,-0.38011608524598817
1014,-0.3724113541896399
1015,-0.3629339326842542
1016,-0.35276041462636964
1017,-0.3423257338492425
1018,-0.33196958102324103
1019,-0.3225384810920149
1020,-0.31168298715002773
1021,-0.30182380014839616
1022,-0.2902851902988406
1023,-0.2796608985322484
1024,-0.2707962199838505
1025,-0.2623175732277856
1026,-0.25441663115380475
1027,-0.2473279068467722
1028,-0.23928668955323396
1029,-0.23115127704646987
1030,-0.22298009118937934
1031,-0.21542929175177417
1032,-0.20879581647175627
1033,-0.20273521664190675
1034,-0.1961048033365671
1035,-0.18923798826069937
1036,-0.18138561518519492
1037,-0.1737655773119
1038,-0.1660278774437165
1039,-0.1591705009216513
1040,-0.15165975501064288
1041,-0.14380286933490538
1042,-0.134788409056128
1043,-0.12678681063065333
1044,-0.11809498632139714
1045,-0.109593094740009
1046,-0.0998987560003135
1047,-0.09028322568411351
1048,-0.08097208854978799
1049,-0.07214776796896771
1050,-0.06318594310592474
1051,-0.0545294399273244
1052,-0.04640780297683467
1053,-0.03860718707815636
1054,-0.030617462707262177
1055,-0.022432764115063897
1056,-0.01428733046432118
1057,-0.0052067065192016315
1058,0.0034915008872138387
1059,0.01211521156926132
1060,0.020555772338547662
1061,0.02934400241106694
1062,0.03732644506626759
1063,0.04457973858969222
1064,0.050948991519754294
1065,0.05670495580458823
1066,0.062496998505281454
1067,0.06454149708782975
1068,0.07009228824045532
1069,0.07633776135067372
1070,0.08300909596595929
1071,0.08887933347829602
1072,0.09458987784603057
1073,0.0993922613578837
1074,0.10420165221378141
1075,0.10897969016238918
1076,0.11368757140886743
1077,0.11974178911063937
1078,0.12406309318055708
1079,0.12842319815882863
1080,0.13278009988495043
1081,0.13733585209771526
1082,0.14216718166528075
1083,0.14615441556960018
1084,0.15057511082642971
1085,0.15416500190004623
1086,0.15848958695083226
1087,0.1626558972802128
1088,0.16755827091018993
1089,0.17292817514643577
1090,0.1793336622234456
1091,0.1844689201513665
1092,0.1921144409549278
1093,0.19934239431821865
1094,0.20707684477993027
1095,0.21397552616248205
1096,0.22118921668794567
1097,0.22705295588549834
1098,0.23361181625836025
1099,0.2395631708063437
1100,0.2452417586385076
1101,0.2502836229640213
1102,0.25483433680357237
1103,0.25927745998916585
1104,0.263105666926049
1105,0.26708806001291485
1106,0.27213150795023466
1107,0.2763573725960109
1108,0.2804491125925921
1109,0.28454254402449397
1110,0.28863766794063306
1111,0.29284550058812187
1112,0.29636164843521584
1113,0.3000402909276261
1114,0.30352463452364553
1115,0.30763985156336204
1116,0.31091838772427227
1117,0.31785198509120427
1118,0.3204072870278445
1119,0.32307831737823456
1120,0.32445119516687093
1121,0.32455195710309503
1122,0.3248699887385804
1123,0.3251881377508097
1124,0.32550640420812726
1125,0.32532266502707063
1126,0.3256460745096259
1127,0.32562685494635435
1128,0.32474706783209584
1129,0.3246739813048567
1130,0.3246008579672832
1131,0.32637401133097566
1132,0.3285725205929815
1133,0.3318137498739535
1134,0.33779557794684845
1135,0.34403548063050415
1136,0.3492472578771926
1137,0.3544611687025858
1138,0.3596710109718835
1139,0.3638388543332338
1140,0.3685083495496846
1141,0.37256054125282656
1142,0.3758504289670297
1143,0.37951972848686033
1144,0.38319051941172066
1145,0.3863938062061525
1146,0.38701010144743986
1147,0.38928666498048425
1148,0.39106111094888973
1149,0.3929015315307751
1150,0.3947196238629136
1151,0.39653845140177335
1152,0.39846802958088556
1153,0.40113115370837793
1154,0.40321543985872577
1155,0.40437357601153145
1156,0.4064846491123504
1157,0.4092678898779587
1158,0.41115083353555004
1159,0.41393527715745915
1160,0.41621637144923707
1161,0.41876890380783127
1162,0.4212833976314272
1163,0.4227123284001255
1164,0.42425645934509415
1165,0.42580118348367435
1166,0.4273465011587234
1167,0.42815653398334774
1168,0.4286987466379548
1169,0.4294324941674095
1170,0.42987781015421866
1171,0.43073008140683644
1172,0.43158269496589785
1173,0.43243565103601433
1174,0.4334006421235097
1175,0.43459326329710546
1176,0.4363239504492924
1177,0.43816514171871024
1178,0.43899886897261986
1179,0.44100671049347895
1180,0.44301535488537525
1181,0.443329795864285
1182,0.4429898929525802
1183,0.4433479290559541
1184,0.4430413613294162
1185,0.44223056162426033
1186,0.44141942139223556
1187,0.44076784587346474
1188,0.4383330485983352
1189,0.43559499374960176
1190,0.43393711926631173
1191,0.4316043128812943
1192,0.4284851732299675
1193,0.42536467370481645
1194,0.42244180390991826
1195,0.4190575653283215
1196,0.414284065647581
1197,0.41004750674077517
1198,0.40563442419617957
1199,0.40166881910413466
1200,0.39770144214834424
1201,0.3936622160583614
1202,0.38958555624336366
1203,0.38550564195524384
1204,0.38292637373985006
1205,0.3792088426596516
1206,0.3753571645668563
1207,0.37150374066313496
1208,0.3725122067615274
1209,0.3685339756473667
1210,0.36370350706685795
1211,0.3595297765041332
1212,0.3578335435775015
1213,0.3554825781124711
1214,0.3531305498005466
1215,0.3507774579244547
1216,0.34625725184373746
1217,0.3427031863197936
1218,0.3382200503068509
1219,0.33377516619092873
1220,0.32917909139562607
1221,0.3245810236011488
1222,0.3199809615093603
1223,0.3154184002063687
1224,0.31124291397469506
1225,0.3082280599906424
1226,0.30470945270756555
1227,0.30138683890318596
1228,0.2980628227599089
1229,0.29473740338883747
1230,0.2918376631223092
1231,0.28711828500764547
1232,0.2827486092494649
1233,0.2777811461986479
1234,0.27171363601911214
1235,0.26564356897788155
1236,0.2595709434523714
1237,0.25276349875108384
1238,0.24588310677507774
1239,0.24278677175808827
1240,0.23911028156924896
1241,0.23628623533531457
1242,0.23346109097302392
1243,0.2306348478375062
1244,0.2242115876239179
1245,0.21798230540814867
1246,0.21268302959047158
1247,0.20579742552464442
1248,0.20011397540598175
1249,0.1944282122766685
1250,0.18874013472157003
1251,0.18223918401202877
1252,0.17662905093731762
1253,0.17144451086064016
1254,0.16587414784719812
1255,0.16023074704402607
1256,0.15458493193559164
1257,0.14893670096485412
1258,0.14181742435099842
1259,0.1364006492863572
1260,0.12885591399104346
1261,0.11945449693755261
1262,0.11056284954616036
1263,0.10166736799477949
1264,0.09276804978389563
1265,0.08696385700151144
1266,0.08104352109227175
1267,0.07357584674190676
1268,0.06637846279587745
1269,0.05954748441964863
1270,0.05271345297729901
1271,0.04587636641123183
1272,0.03880077531805348
1273,0.03272493474242388
1274,0.027461588793245006
1275,0.021850034206964963
1276,0.013710801249078308
1277,0.005568258351344113
1278,-0.0025775965169314574
1279,-0.010497954345040306
1280,-0.01796062526641684
1281,-0.02072804292815178
1282,-0.025381750733494357
1283,-0.031410617350530856
1284,-0.03744238532496613
1285,-0.04548875189614421
1286,-0.05361107742208748
1287,-0.06045566562813409
1288,-0.06832034256165809
1289,-0.07654163107537393
1290,-0.08526546310851568
1291,-0.09399314115324131
1292,-0.10149684965578576
1293,-0.10923276029601325
1294,-0.11654519158926302
1295,-0.1268712050156875
1296,-0.13844892717675794
1297,-0.14841450488546482
1298,-0.15838461193834874
1299,-0.16851884913866577
1300,-0.17756999523124417
1301,-0.1855001568271506
1302,-0.19528167600837687
1303,-0.20464954119787304
1304,-0.21484367833257156
1305,-0.22504216585982473
1306,-0.23420893956660116
1307,-0.24283584127145375
1308,-0.25188474833510455
1309,-0.2600877553952694
1310,-0.2676848349635881
1311,-0.2756725432891436
1312,-0.2834928945168089
1313,-0.29131670938921506
1314,-0.2982901058044698
1315,-0.30557353491593364
1316,-0.3127015368601027
1317,-0.32075821720647646
1318,-0.32877161854093107
1319,-0.336788541275963
1320,-0.344808987744873
1321,-0.3530623848828274
1322,-0.36310454481223964
1323,-0.3716690129679199
1324,-0.3793421038692495
1325,-0.3871632440118331
1326,-0.3949878078134441
1327,-0.4028157975359292
1328,-0.4110322354262701
1329,-0.41946338851681375
1330,-0.4296077891438319
1331,-0.44820315370973063
1332,-0.46024738927916875
1333,-0.47229715772581304
1334,-0.4835417176111543
1335,-0.4942904556246397
1336,-0.5049235996399251
1337,-0.5169490900836662
1338,-0.5286873569051922
1339,-0.5382779571733192
1340,-0.5478730330334303
1341,-0.5574254011768671
1342,-0.5658961605772994
1343,-0.5752395226606035
1344,-0.584739160295543
1345,-0.5934437140480258
1346,-0.601621393205499
1347,-0.6092721207653105
1348,-0.6169264470123483
1349,-0.6251537070268318
1350,-0.632383323870477
1351,-0.6396042561664634
1352,-0.6485469911502948
1353,-0.65765076467041
1354,-0.6669936707011681
1355,-0.6767219673877563
1356,-0.6862224760501716
1357,-0.6971907627577938
1358,-0.707847238685531
1359,-0.7188629152461559
1360,-0.7293072121743309
1361,-0.7354784542150785
1362,-0.74718238142587
1363,-0.7590164290848183
1364,-0.7704436208784502
1365,-0.7807425164896094
1366,-0.7900672135930522
1367,-0.7991060384625284
1368,-0.8079072865584633
1369,-0.8167125252626324
1370,-0.825554823166347
1371,-0.8356391245490897
1372,-0.845637788183387
1373,-0.8555936469728946
1374,-0.8665396682741955
1375,-0.8773042008603271
1376,-0.8886163266116442
1377,-0.89919265432445
1378,-0.9094188704984871
1379,-0.9186903533585102
1380,-0.9277771850839924
1381,-0.9374215397300771
1382,-0.947113994379869
1383,-0.9565092492408773
1384,-0.9660917296467533
1385,-0.9758257211321393
1386,-0.9876325785444031
1387,-0.998267842255073
1388,-1.0082569836312878
1389,-1.0182560468141606
1390,-1.028226673933367
1391,-1.0363820208291328
1392,-1.0598157853857328
1393,-1.06603857023664
1394,-1.0728481665749277
1395,-1.0801369354442967
1396,-1.0865774118682276
1397,-1.0938258144663324
1398,-1.1006896398001462
1399,-1.107620114596739
1400,-1.1141539681578179
1401,-1.1206967257296752
1402,-1.1274433206990917
1403,-1.1348033149002896
1404,-1.1418914947129837
1405,-1.1510947569092718
1406,-1.159976489584837
1407,-1.1710661888002516
1408,-1.1823526183858588
1409,-1.1930919463713252
1410,-1.2039526241236977
1411,-1.2156625789877902
1412,-1.22665225354306
1413,-1.2377667103701748
1414,-1.248208054435791
1415,-1.2584246036309397
1416,-1.2691380037421682
1417,-1.2788911478921374
1418,-1.287411751321705
1419,-1.297101373011615
1420,-1.3011218938314846
1421,-1.3111407291226707
1422,-1.3212037957697786
1423,-1.33150550672614
1424,-1.3413379680972506
1425,-1.3512431791333448
1426,-1.3623069874118263
1427,-1.372950797234111
1428,-1.3839706386138984
1429,-1.394264486854687
1430,-1.405405662783874
1431,-1.4159368905355336
1432,-1.4300012970797686
1433,-1.4393394260465397
1434,-1.4493750194862
1435,-1.459893324638129
1436,-1.470538286685258
1437,-1.4800903129099465
1438,-1.4893275741325311
1439,-1.4986763536815308
1440,-1.5059294477627727
1441,-1.5138785824707082
1442,-1.5223921841280328
1443,-1.5295808397179353
1444,-1.5366973082715951
1445,-1.5437695689673294
1446,-1.5510690423747242
1447,-1.560609181022059
1448,-1.571807906770867
1449,-1.5841776437393476
1450,-1.5969004034040006
1451,-1.6085847782148273
1452,-1.6210795956691673
1453,-1.6334539566545514
1454,-1.6446615198577712
1455,-1.6548997225138056
1456,-1.664303627355313
1457,-1.6719972150416629
1458,-1.68128002473044
1459,-1.691489024390619
1460,-1.7015764615959181
1461,-1.7097355353685009
1462,-1.7192858427386097
1463,-1.727849201027687
1464,-1.7365769054264524
1465,-1.7445104542538221
1466,-1.7524378121794326
1467,-1.7606696090877723
1468,-1.7695208308592196
1469,-1.777517968454963
1470,-1.7855715834449866
1471,-1.7936748913975817
1472,-1.802146972732337
1473,-1.8106906533843166
1474,-1.817626000149973
1475,-1.8244549072297618
1476,-1.8319062726472781
1477,-1.8393391284019884
1478,-1.8481009492982468
1479,-1.8553329006978903
1480,-1.8629858113540436
1481,-1.8711763002133486
1482,-1.8678286082787725
1483,-1.8745185450880726
1484,-1.8822559470872973
1485,-1.8912671807425507
1486,-1.9008488199975249
1487,-1.9104355321302178
1488,-1.9200273212142074
1489,-1.929278572154976
1490,-1.9382649406923544
1491,-1.947095599728991
1492,-1.9558419588893985
1493,-1.9645875881251795
1494,-1.9745119982085777
1495,-1.9844418818201266
1496,-1.9931458553158894
1497,-2.0015089136337663
1498,-2.00893490151343
1499,-2.01691823287847
1500,-2.025383974543841
1501,-2.033854673745015
1502,-2.0424902402456064
1503,-2.0515140294978105
1504,-2.059420517871521
1505,-2.066728166935148
1506,-2.0712350644671824
1507,-2.0755950307888664
1508,-2.0799577580805932
1509,-2.0845222393432854
1510,-2.088234767030909
1511,-2.0920799449138414
1512,-2.097047220727055
1513,-2.1012547354808975
1514,-2.106769131013624
1515,-2.11228717576119
1516,-2.117738797088988
1517,-2.1224895133302493
1518,-2.127662724929821
1519,-2.133120780545612
1520,-2.136269440028225
1521,-2.1414312628280276
1522,-2.146596367828181
1523,-2.1566283950413148
1524,-2.1615566357610456
1525,-2.166681451320806
1526,-2.1719149337162262
1527,-2.176709582266577
1528,-2.180295491355568
1529,-2.1838838184395053
1530,-2.1874745658072197
1531,-2.1896269834840405
1532,-2.1938068608923302
1533,-2.196225402323157
1534,-2.199151850244049
1535,-2.203666600431972
1536,-2.208184488145382
1537,-2.212705516443318
1538,-2.219115020694825
1539,-2.2254572064570572
1540,-2.2314885670964246
1541,-2.2374917599598296
1542,-2.2427372115566273
1543,-2.2536151835342633
1544,-2.258740376299322
1545,-2.2639817329575376
1546,-2.269425227693895
1547,-2.274760244210597
1548,-2.2782676176003394
1549,-2.2820952363845137
1550,-2.2859254463734278
1551,-2.290137827508885
1552,-2.293458417206727
1553,-2.2976308265870156
1554,-2.3045844457887608
1555,-2.3108585668892907
1556,-2.3153839973129076
1557,-2.319911945399922
1558,-2.324666112144966
1559,-2.3275738412975358
1560,-2.3317380047417586
1561,-2.3355562221759127
1562,-2.337640559300235
1563,-2.3417653249136974
1564,-2.3458927658371227
1565,-2.349933617899839
1566,-2.353428938567604
1567,-2.3565749275433516
1568,-2.359952177133396
1569,-2.36050243776233
1570,-2.3618265853722855
1571,-2.3631518986315188
1572,-2.3637639330666227
1573,-2.3613946117668423
1574,-2.3639762486850477
1575,-2.365480035944726
1576,-2.3658731705020273
1577,-2.3662958437208435
1578,-2.366719378153972
1579,-2.3671437749438997
1580,-2.3701646263577194
1581,-2.3724803664607705
1582,-2.3725085499118306
1583,-2.374013563690923
1584,-2.374972969851508
1585,-2.3759333509437255
1586,-2.376894708085622
1587,-2.378013731144007
1588,-2.380291668467647
1589,-2.3847140825295012
1590,-2.388640037805682
1591,-2.391154029572297
1592,-2.39366983784491
1593,-2.3961874644052585
1594,-2.3983134358471263
1595,-2.3997282298739133
1596,-2.400128653493746
1597,-2.4002099126051926
1598,-2.3980466365469875
1599,-2.395882521138412
1600,-2.3937175659256296
1601,-2.3907682270443216
1602,-2.389957651969697
1603,-2.3887867524556325
1604,-2.386570472548348
1605,-2.384212216784637
1606,-2.3818532693720247
1607,-2.380418146790941
1608,-2.3787106702337377
1609,-2.377241170451496
1610,-2.3755163560555506
1611,-2.3716138112811516
1612,-2.369848991832149
1613,-2.3680837634235257
1614,-2.3663181261375117
1615,-2.3654837579103853
1616,-2.3659367300833827
1617,-2.366391891048522
1618,-2.3662589481908327
1619,-2.3669141559012905
1620,-2.367570366453875
1621,-2.3682275811490694
1622,-2.36880440844856
1623,-2.369650722087279
1624,-2.3716060464704176
1625,-2.372812692731765
1626,-2.372671261611554
1627,-2.3725302655013794
1628,-2.37238970513211
1629,-2.3717399664997316
1630,-2.370621487348579
1631,-2.3699683773400375
1632,-2.3682555482622796
1633,-2.3677701305680703
1634,-2.367285160790887
1635,-2.3668006398209878
1636,-2.3656116478544265
1637,-2.361812392585829
1638,-2.3587032654769917
1639,-2.356881613594372
1640,-2.354982828203519
1641,-2.3530834525192024
1642,-2.3511834863515464
1643,-2.3484245223855664
1644,-2.345169416241026
1645,-2.342440745215387
1646,-2.3319151099981568
1647,-2.3290032823064326
1648,-2.3260903957355774
1649,-2.323064061000089
1650,-2.320697489021806
1651,-2.31793948842307
1652,-2.3147184918899164
1653,-2.3115421518421586
1654,-2.308653961371066
1655,-2.3057646712503495
1656,-2.302921467408752
1657,-2.3001152782104555
1658,-2.2974177199579557
1659,-2.292524415750554
1660,-2.289090490929473
1661,-2.286424207923451
1662,-2.2837569870215333
1663,-2.2808261092622164
1664,-2.2779325013717315
1665,-2.276631414774924
1666,-2.2753641070147648
1667,-2.2719031456791168
1668,-2.2694040187763136
1669,-2.2669040240643508
1670,-2.264256898957605
1671,-2.261020664825047
1672,-2.2576748128095456
1673,-2.2544039156387097
1674,-2.2518967135164356
1675,-2.249079734836954
1676,-2.251772785861254
1677,-2.2489372358315673
1678,-2.245484533598667
1679,-2.2416412344334873
1680,-2.2397556707408643
1681,-2.2380935052647626
1682,-2.236745690372727
1683,-2.235397747471117
1684,-2.234049676905112
1685,-2.2328541572812135
1686,-2.2295448500872848
1687,-2.2260317773880427
1688,-2.2223912284804435
1689,-2.217752778602879
1690,-2.2131121823052915
1691,-2.208469438128404
1692,-2.2038576968573906
1693,-2.2001082707452717
1694,-2.196552690014231
1695,-2.191472040739667
1696,-2.1888567603902924
1697,-2.1838769216763083
1698,-2.1793542723901798
1699,-2.1749169378317514
1700,-2.1705651654131657
1701,-2.162815490743098
1702,-2.156330946420425
1703,-2.1503879433648745
1704,-2.1444420381776776
1705,-2.139777656923158
1706,-2.1356147175960096
1707,-2.1172130784464365
1708,-2.114293712906303
1709,-2.1095480732570486
1710,-2.1043149583292706
1711,-2.1001283303145435
1712,-2.0959472039981435
1713,-2.092552973877238
1714,-2.0883984914192517
1715,-2.0851031154089767
1716,-2.081578064152408
1717,-2.078194059314999
1718,-2.0749329454770713
1719,-2.072282227298553
1720,-2.068198088567053
1721,-2.0627243754159075
1722,-2.0551660461689423
1723,-2.0476960088206386
1724,-2.0411772797408645
1725,-2.033700153196225
1726,-2.0241888201759757
1727,-2.0165059440072515
1728,-2.0088520227814133
1729,-2.002989433671315
1730,-1.9968842594653875
1731,-1.9882230092099622
1732,-1.9800296890894824
1733,-1.972960143019863
1734,-1.9640617154209927
1735,-1.9615398763419325
1736,-1.953418088044332
1737,-1.9457597410224565
1738,-1.9376523695860968
1739,-1.9300153550039454
1740,-1.9223066988835864
1741,-1.9139412027951046
1742,-1.9057337462465807
1743,-1.8967575018520488
1744,-1.8897017713193502
1745,-1.8826192828273545
1746,-1.875310506634035
1747,-1.868124058535674
1748,-1.8615626482239485
1749,-1.8568758812155277
1750,-1.8511716899649748
1751,-1.8453779526567793
1752,-1.8403451890208142
1753,-1.8356300510566825
1754,-1.8308062581081135
1755,-1.8276902210130253
1756,-1.8239041965510374
1757,-1.8361156910659648
1758,-1.8323032962591927
1759,-1.8286872599659656
1760,-1.8252603949059232
1761,-1.8215951525854681
1762,-1.8161768268218026
1763,-1.8101053712305024
1764,-1.8039530938110406
1765,-1.7978872057027182
1766,-1.7908219059605024
1767,-1.7827792191325749
1768,-1.7746119448114914
1769,-1.7683958455738598
1770,-1.7616386507443096
1771,-1.7567473904286626
1772,-1.7527503125875672
1773,-1.7468463919785115
1774,-1.7375843647049098
1775,-1.7280423430675302
1776,-1.7189749975916389
1777,-1.7098801429884638
1778,-1.7023814277762153
1779,-1.6956252205747955
1780,-1.6915112329031725
1781,-1.6877053002345281
1782,-1.6837272348947074
1783,-1.6789020285528498
1784,-1.6745519537340527
1785,-1.6658455672471337
1786,-1.6614111946747254
1787,-1.6571797234232246
1788,-1.6518861050028057
1789,-1.647014288451924
1790,-1.6419746289775077
1791,-1.6372563187402651
1792,-1.6325808253326173
1793,-1.626973887273376
1794,-1.6217516397009923
1795,-1.6161371401349793
1796,-1.6109542947027862
1797,-1.6184480395183112
1798,-1.6146263743956641
1799,-1.6103096721850392
1800,-1.6047140995053955
1801,-1.5998505208382614
1802,-1.5942661134318765
1803,-1.5881567945617867
1804,-1.582782364752811
1805,-1.577435325967178
1806,-1.5725336209238527
1807,-1.5670146718611555
1808,-1.5594765157463577
1809,-1.5516470319809272
1810,-1.5433302094479249
1811,-1.5337077592395083
1812,-1.523837975505291
1813,-1.5166730511786763
1814,-1.5091561319578481
1815,-1.501179271933431
1816,-1.494630653736671
1817,-1.4877904429859399
1818,-1.4805459130386929
1819,-1.4741239208486494
1820,-1.468654036164029
1821,-1.4650573746034343
1822,-1.4614456715611297
1823,-1.4564859658780556
1824,-1.4505310217756229
1825,-1.444575555856451
1826,-1.4381888791786785
1827,-1.4316597224649001
1828,-1.425455922446064
1829,-1.4184720606677779
1830,-1.4122954567622745
1831,-1.4060242882400367
1832,-1.4008112025718766
1833,-1.395048570162988
1834,-1.3895738068960686
1835,-1.384973887832908
1836,-1.3781431933304145
1837,-1.3714138932889153
1838,-1.3648644174414084
1839,-1.3579900613406188
1840,-1.3511668101350374
1841,-1.3448653996728268
1842,-1.3391644881538571
1843,-1.3342112693453139
1844,-1.3302626947042562
1845,-1.3257107034256688
1846,-1.3225706313691123
1847,-1.314488074541483
1848,-1.3109260953883393
1849,-1.3068266503326047
1850,-1.3019263811476467
1851,-1.297023424552048
1852,-1.2917895723329504
1853,-1.2854057916523267
1854,-1.2791285477091314
1855,-1.2733215385295846
1856,-1.2671996854788343
1857,-1.262381244445331
1858,-1.25254810427111
1859,-1.2482589086039741
1860,-1.244559323404367
1861,-1.2393656732880327
1862,-1.2326377248267768
1863,-1.2266078882524845
1864,-1.2210214000801294
1865,-1.2154319136684393
1866,-1.209644480151816
1867,-1.2044845827967183
1868,-1.1986159985418219
1869,-1.1955017255136422
1870,-1.1939161945937489
1871,-1.194101500895421
1872,-1.194287138373996
1873,-1.19506384269922
1874,-1.194931078949736
1875,-1.1912620847336814
1876,-1.1869630491734675
1877,-1.182931513411539
1878,-1.1793427415053674
1879,-1.1757521232544121
1880,-1.1723932814940685
1881,-1.1700555524041896
1882,-1.1674806852761233
1883,-1.1645126967247457
1884,-1.1633428499217509
1885,-1.1609242515383453
1886,-1.1585044522754586
1887,-1.15666654566858
1888,-1.15777485013788
1889,-1.154270143866821
1890,-1.1505303716305928
1891,-1.1457046230448036
1892,-1.1413914156458134
1893,-1.1370758991912258
1894,-1.1329025886331205
1895,-1.1282159552407158
1896,-1.124196397849456
1897,-1.1197440337652438
1898,-1.1135472628688348
1899,-1.1081385220927764
1900,-1.1027268119508875
1901,-1.0973121299978033
1902,-1.0919097691969473
1903,-1.0870304680128928
1904,-1.0810224817643714
1905,-1.0755389959243917
1906,-1.0689122380288438
1907,-1.0622818456282026
1908,-1.0570324970871194
1909,-1.0529253355302295
1910,-1.05035049092721
1911,-1.0502196852479084
1912,-1.0508874659675769
1913,-1.0521539012122556
1914,-1.0524236428493694
1915,-1.0533113851127087
1916,-1.0554498272699568
1917,-1.0570410225205293
1918,-1.0571546840944688
1919,-1.0573250311521445
1920,-1.056043917556707
1921,-1.0549454548194888
1922,-1.0531629992987828
1923,-1.052522381072471
1924,-1.0524319373844016
1925,-1.0517226923850629
1926,-1.0515775964336918
1927,-1.051475541415158
1928,-1.05175340223348
1929,-1.0506775457207205
1930,-1.0514143097925608
1931,-1.0508125683362142
1932,-1.0474665656984943
1933,-1.0445665773512687
1934,-1.0408820089442958
1935,-1.0368670914742673
1936,-1.0335858372744742
1937,-1.0308954563509474
1938,-1.024657051301908
1939,-1.0211140569016628
1940,-1.0187257544169697
1941,-1.0180331957785338
1942,-1.0173405311313424
1943,-1.016752196266065
1944,-1.0156471023160876
1945,-1.0173062887218993
1946,-1.0179786362647008
1947,-1.0197243304820613
1948,-1.0195887070382739
1949,-1.0194533434460276
1950,-1.0194222265001471
1951,-1.0195875349612997
1952,-1.0206573331110285
1953,-1.0221173439349656
1954,-1.0228771341080467
1955,-1.0236748970825733
1956,-1.0244735763804425
1957,-1.0254565478139988
1958,-1.0257265021627404
1959,-1.0269057959257086
1960,-1.0245721849706726
1961,-1.0242287274037665
1962,-1.023223208447229
1963,-1.022217290596375
1964,-1.02064284225548
1965,-1.0192924469224245
1966,-1.0182696956920267
1967,-1.0187061535199309
1968,-1.0187339419481383
1969,-1.018710043059782
1970,-1.0186864379150844
1971,-1.0184905420211745
1972,-1.0178996680314452
1973,-1.0177809727770981
1974,-1.0193218159057622
1975,-1.0204787405378237
1976,-1.0216766283912602
1977,-1.0228755259184084
1978,-1.0239029591375637
1979,-1.0237851284882407
1980,-1.0233519419981896
1981,-1.023115374751276
1982,-1.0233651398490107
1983,-1.0236978454277317
1984,-1.0240310712939262
1985,-1.0237961125245842
1986,-1.023718552620636
1987,-1.0231253485467793
1988,-1.0213445777499075
1989,-1.0171658089441689
1990,-1.0133810342713758
1991,-1.009594142846705
1992,-1.0058724708403624
1993,-1.001201781636091
1994,-0.9971225302881841
1995,-0.9947485319013118
1996,-0.9955516227767536
1997,-0.9951337358889951
1998,-0.9947158992959775
1999,-0.9936897876536186
2000,-0.9927047848300017
2001,-0.9925085485371845
2002,-0.992629768929655
2003,-0.9930876622677474
2004,-0.9955497569942082
2005,-0.998013617334486
2006,-0.9987216389534588
2007,-0.9996673475452962
2008,-1.001527507989593
2009,-1.0034224139854082
2010,-1.0056532251597439
2011,-1.0052749710530424
2012,-1.0072603452423738
2013,-1.0088527453984
2014,-1.011000236611757
2015,-1.0124789789214166
2016,-1.0155698265636648
2017,-1.0151277220452855
2018,-1.014774104860928
2019,-1.014420380355796
2020,-1.0106681651151348
2021,-1.0064382525953732
2022,-1.0013395746002427
2023,-0.9971122426504095
2024,-0.9942997913393992
2025,-0.9905066063415688
2026,-0.9867112699640046
2027,-0.9825216041817999
2028,-0.9768717154442967
2029,-0.9728833253254177
2030,-0.9685034400403651
2031,-0.9641597196028826
2032,-0.9594722910673852
2033,-0.9547821873712454
2034,-0.9507997637185905
2035,-0.9473283560849257
2036,-0.9442847731766069
2037,-0.9423797637584475
2038,-0.9404745405103476
2039,-0.9383020124985606
2040,-0.9361282366986767
2041,-0.9355180133118406
2042,-0.9339723912617863
2043,-0.9329808137863065
2044,-0.9307251074045482
2045,-0.9273358729815637
2046,-0.927024983769865
2047,-0.9267139536927296
2048,-0.9252399644904852
2049,-0.9232115358332074
2050,-0.9230026686329715
2051,-0.9228711593387828
2052,-0.920934194899516
2053,-0.9190370722828209
2054,-0.9171388790500092
2055,-0.914871421561033
2056,-0.9102720315122035
2057,-0.9051211898364784
2058,-0.9016841517136989
2059,-0.8994406196726388
2060,-0.8972033841791323
2061,-0.8965767156444944
2062,-0.8944400723049792
2063,-0.8942764441134337
2064,-0.8928760415263053
2065,-0.8903508367320843
2066,-0.8873674847621622
2067,-0.8849774085585125
2068,-0.8824938514738463
2069,-0.8822868150678431
2070,-0.8843331628407345
2071,-0.8858296592697137
2072,-0.8692793083710786
2073,-0.869822295686145
2074,-0.8705220977312464
2075,-0.8706292195071175
2076,-0.8703392445639135
2077,-0.8706466034345386
2078,-0.871504566970966
2079,-0.8708162944136237
2080,-0.8698929909683191
2081,-0.8694125253301888
2082,-0.8658859764063589
2083,-0.8620390139973768
2084,-0.857534455590125
2085,-0.8560406706155899
2086,-0.8563700000400125
2087,-0.8567782854285948
2088,-0.856015369188782
2089,-0.8594501308697531
2090,-0.8644199963216828
2091,-0.8613444400888124
2092,-0.8654578979647738
2093,-0.8680693619893418
2094,-0.8693757921576637
2095,-0.8701684621521988
2096,-0.870662366454054
2097,-0.8704554998035157
2098,-0.8712148790332517
2099,-0.8738964428630549
2100,-0.881152793339826
2101,-0.8836208930867144
2102,-0.8861314217378506
2103,-0.8896365768680354
2104,-0.8949116581759071
2105,-0.8995521173739416
2106,-0.902775832357209
2107,-0.9076502871368302
2108,-0.9123418493219226
2109,-0.9190931669408009
2110,-0.9258214703329486
2111,-0.9315862401353119
2112,-0.9372504290347194
2113,-0.9432710595457525
2114,-0.9498807440744681
2115,-0.9563090744038849
2116,-0.9620804813609212
2117,-0.968574713722596
2118,-0.9763315734441225
2119,-0.9802103523442423
2120,-0.9838103044050914
2121,-0.9876837015933067
2122,-1.0125709029521737
2123,-1.018481740896215
2124,-1.0248236472284127
2125,-1.0316348272296256
2126,-1.0388057882129935
2127,-1.044062173624141
2128,-1.0480014208650097
2129,-1.0519434384065107
2130,-1.05488540322294
2131,-1.0580386104470865
2132,-1.0638478599221237
2133,-1.070417143028477
2134,-1.0753770404422145
2135,-1.0817594616953592
2136,-1.0884255084752255
2137,-1.0942567542872297
2138,-1.1011438806756892
2139,-1.1078654095797997
2140,-1.1105134511335688
2141,-1.112233592830048
2142,-1.1145848023823532
2143,-1.1168603538688675
2144,-1.11972571054425
2145,-1.124135467117533
2146,-1.1298069574986567
2147,-1.139265877414557
2148,-1.1494547219496436
2149,-1.161736632349239
2150,-1.1733211325108712
2151,-1.1708109949042242
2152,-1.181783495190638
2153,-1.1939467225222415
2154,-1.2054832793817578
2155,-1.2165363658096808
2156,-1.2254725596807656
2157,-1.234573632153733
2158,-1.243888523761914
2159,-1.2502386577155118
2160,-1.2609839973917634
2161,-1.2730093242856473
2162,-1.2886036594132175
2163,-1.3003681700142238
2164,-1.3123023350940333
2165,-1.3237421636084736
2166,-1.3354460977606148
2167,-1.347146916292063
2168,-1.358335525128826
2169,-1.3696425136330639
2170,-1.3796983212931266
2171,-1.390593717157989
2172,-1.4025621898118015
2173,-1.4111603878197378
2174,-1.4206705130396546
2175,-1.4296981161719575
2176,-1.4406534202531311
2177,-1.4532135101351944
2178,-1.466045552354542
2179,-1.478185765368634
2180,-1.4907115450391135
2181,-1.5030805785434875
2182,-1.5165210931795716
2183,-1.5304620388050836
2184,-1.540286380465222
2185,-1.5490999661444942
2186,-1.558509055231056
2187,-1.5677440841361285
2188,-1.576189472931068
2189,-1.5849235523319347
2190,-1.5948711531208648
2191,-1.6052462863540686
2192,-1.6156267159530948
2193,-1.6251530570259654
2194,-1.6356199715976842
2195,-1.6459677378758695
2196,-1.6538152787794633
2197,-1.661540447937293
2198,-1.6695756630391596
2199,-1.6771842005422073
2200,-1.685439120459753
2201,-1.6951921142232464
2202,-1.706933385243472
2203,-1.7193554264574367
2204,-1.7298709581478366
2205,-1.7383798494048293
2206,-1.7480518485508032
2207,-1.760087695699946
2208,-1.77581688318927
2209,-1.7917878276805599
2210,-1.808036403628675
2211,-1.8242876127359082
2212,-1.8400021268500595
2213,-1.8266010855321788
2214,-1.8421021723566238
2215,-1.857616600748738
2216,-1.8731443878612097
2217,-1.8885453921692967
2218,-1.9044653518055021
2219,-1.9168787270943817
2220,-1.9288231294498637
2221,-1.9424710752177994
2222,-1.9561302091428345
2223,-1.9684158636435196
2224,-1.9796752769818635
2225,-1.9901876110150134
2226,-2.0009235908524197
2227,-2.010685882699292
2228,-2.019740621524946
2229,-2.029802066710749
2230,-2.0392555376508703
2231,-2.0484701377207273
2232,-2.0590163403867763
2233,-2.07077096463642
2234,-2.0822714686767245
2235,-2.0923079795026087
2236,-2.1021698044052055
2237,-2.1127235973854734
2238,-2.1228575386385042
2239,-2.132746119971875
2240,-2.142299796827709
2241,-2.152281156844186
2242,-2.1678839480780194
2243,-2.183122770670469
2244,-2.199731281131367
2245,-2.215016066170472
2246,-2.231255070845995
2247,-2.2510897070628033
2248,-2.269867137478821
2249,-2.288661916660031
2250,-2.30780327717107
2251,-2.326227231097649
2252,-2.3445436687840786
2253,-2.3667292513826066
2254,-2.385089013218577
2255,-2.4030847630745473
2256,-2.4206035282859766
2257,-2.4381398781456607
2258,-2.4555894027761838
2259,-2.4751640016296825
2260,-2.491889432017377
2261,-2.51009082339586
2262,-2.53111337616164
2263,-2.5532244131136235
2264,-2.5753581144736355
2265,-2.5974105278626993
2266,-2.6196568754037965
2267,-2.642392785393101
2268,-2.6656807580217112
2269,-2.6872124834187066
2270,-2.706543056557578
2271,-2.725893513207522
2272,-2.74508050855939
2273,-2.7659406344868867
2274,-2.8045270854520528
2275,-2.824984759465048
2276,-2.843151825089489
2277,-2.8612255434969995
2278,-2.8793173512827064
2279,-2.8970755560840598
2280,-2.9227715927695908
2281,-2.9542738794276318
2282,-2.996237644425662
2283,-3.0424697959115203
2284,-3.0900135006948997
2285,-3.1376237141313776
2286,-3.203000205438192
2287,-3.2484500904587694
2288,-3.273074231528337
2289,-3.2695311833254
2290,-3.2652656431700837
2291,-3.2623233922043653
2292,-3.2593793322785523
2293,-3.256105135644553
2294,-3.25271866755444
2295,-3.2484832006570556
2296,-3.2436789293395965
2297,-3.236782395171179
2298,-3.228008656573323
2299,-3.2192297381820953
2300,-3.209708376721334
2301,-3.200380906799822
2302,-3.193435034463704
2303,-3.1882032873541792
2304,-3.1956407929856283
2305,-3.1933836623417626
2306,-3.1911252193624495
2307,-3.1887981249532977
2308,-3.18552217931175
2309,-3.1822585400598857
2310,-3.1781321931692634
2311,-3.170810081891151
2312,-3.164237668277961
2313,-3.1576612160349313
2314,-3.1516890470897625
2315,-3.144248358280011
2316,-3.1359105685850928
2317,-3.126795222000455
2318,-3.117959486048399
2319,-3.105899154750796
2320,-3.0938318365686683
2321,-3.083515131569156
2322,-3.075503839801266
2323,-3.068418456271292
2324,-3.0602715749135516
2325,-3.0545578039346353
2326,-3.0482502779244474
2327,-3.0419389806780543
2328,-3.035558763160928
2329,-3.0304936121572457
2330,-3.026676500816853
2331,-3.0170677172453697
2332,-3.0097658006475587
2333,-2.9994962930968736
2334,-2.989221512182409
2335,-2.9810554090376726
2336,-2.9733141151381286
2337,-2.9654325555469505
2338,-2.9548633999645517
2339,-2.943795092247834
2340,-2.9357152197155667
2341,-2.9276317570754102
2342,-2.919398371471603
2343,-2.9124809918009085
2344,-2.9011330696085
2345,-2.8874054775745392
2346,-2.8740664712441593
2347,-2.8594068864465036
2348,-2.844740663346137
2349,-2.829486616844349
2350,-2.815250666425559
2351,-2.8017326151471202
2352,-2.7888139440930324
2353,-2.774350406001215
2354,-2.7610372952086752
2355,-2.747718458914383
2356,-2.734327751425866
2357,-2.7213988282083434
2358,-2.7081191758760177
2359,-2.694029449578947
2360,-2.680019019026483
2361,-2.6630620461440095
2362,-2.646098204715223
2363,-2.6302903087113823
2364,-2.61507658744053
2365,-2.5970097692203833
2366,-2.578740399931892
2367,-2.561443785353987
2368,-2.5448159774917958
2369,-2.52818091341433
2370,-2.5119067811184106
2371,-2.498090965310322
2372,-2.4851196511291125
2373,-2.4711850874051215
2374,-2.4547647140713593
2375,-2.4375956955977944
2376,-2.4188072901012028
2377,-2.401520033252085
2378,-2.3823113654087127
2379,-2.3647507681986717
2380,-2.3488221851799036
2381,-2.329031499048096
2382,-2.3077855738699355
2383,-2.2866218153017215
2384,-2.2631702134982863
2385,-2.2367296305375373
2386,-2.2090123491113456
2387,-2.1802886974482654
2388,-2.1517523422627924
2389,-2.123654767528933
2390,-2.095995220943605
2391,-2.068734240986428
2392,-2.041080253286024
2393,-2.015822105587395
2394,-1.994306723322353
2395,-1.972251333467792
2396,-1.9491203926159866
2397,-1.9291939515368242
2398,-1.9098244342102397
2399,-1.8906298473518586
2400,-1.8701794047634284
2401,-1.8475634442373554
2402,-1.8260628068215645
2403,-1.8074004970252702
2404,-1.78696527427787
2405,-1.7653893480795055
2406,-1.751720597246825
2407,-1.7298878969898013
2408,-1.705801055032035
2409,-1.6802871901084853
2410,-1.6523574041080682
2411,-1.6244150285127077
2412,-1.5970316205734658
2413,-1.569861095084649
2414,-1.5428385949843761
2415,-1.518032699477292
2416,-1.4984456909434005
2417,-1.4758533947148322
2418,-1.4532505125513158
2419,-1.4300577249105118
2420,-1.4053257515812572
2421,-1.3787836045643846
2422,-1.3485299103544737
2423,-1.3132410741449085
2424,-1.277733258744341
2425,-1.2422087872521228
2426,-1.2066676472174915
2427,-1.1600862771229394
2428,-1.1270777183990948
2429,-1.0953062359486037
2430,-1.0613313864300356
2431,-1.0298032765803793
2432,-0.9982583351121281
2433,-0.9645941936162039
2434,-0.9366646522011877
2435,-0.905901372753247
2436,-0.8729108028787369
2437,-0.8188299423533429
2438,-0.7859473940717088
2439,-0.7529082500113269
2440,-0.7187048680902812
2441,-0.6852174984895445
2442,-0.6551385407191006
2443,-0.6240588838173569
2444,-0.5930444267969328
2445,-0.564959637897541
2446,-0.5352191803661075
2447,-0.5014556640274925
2448,-0.4656679893193836
2449,-0.4324631107411854
2450,-0.39909731986379704
2451,-0.3620075874889057
2452,-0.3245080346452198
2453,-0.2872854539341798
2454,-0.2516807059795454
2455,-0.22245898262413988
2456,-0.19445594598697724
2457,-0.17577538802545511
2458,-0.14727913897661615
2459,-0.1163289879462841
2460,-0.08301000282267879
2461,-0.04850665944817045
2462,-0.009991102309518496
2463,0.028582907979796346
2464,0.06851971640453058
2465,0.10760654262680447
2466,0.13232258836605482
2467,0.17063905351188247
2468,0.21034246888032015
2469,0.25024825834503694
2470,0.28943551554289115
2471,0.3246814214286182
2472,0.35851311470473846
2473,0.39412493640777235
2474,0.4277916317388861
2475,0.46526511412922567
2476,0.5063433727534896
2477,0.5490840525832574
2478,0.5922928506858316
2479,0.6314344296228889
2480,0.6727275381359679
2481,0.714298395209978
2482,0.7555515830690567
2483,0.8007775775790904
2484,0.8475084814818548
2485,0.8930379333190839
2486,0.9384627973887412
2487,0.9824451908721503
2488,1.0500298099795433
2489,1.0926778711973881
2490,1.1349169188673152
2491,1.1801097458985623
2492,1.2239465927564215
2493,1.2677885893957175
2494,1.308911758795471
2495,1.3502449683784565
2496,1.3909989220752461
2497,1.4332918767288074
2498,1.4756226725462511
2499,1.5180703640746742
2500,1.5597102361949737
2501,1.6014967118193084
2502,1.6434062848362974
2503,1.6852064950617631
2504,1.726927590599038
2505,1.7732714519088297
2506,1.8200273388948656
2507,1.8638096297385545
2508,1.9061711726258164
2509,1.945772883102391
2510,1.983541154347078
2511,2.0194354824241376
2512,2.0549203619962526
2513,2.090426692065744
2514,2.126016609430163
2515,2.1681560130792192
2516,2.207750952499806
2517,2.2533919125357134
2518,2.3008841306135484
2519,2.3464207581428607
2520,2.3922703718145986
2521,2.4385741996294286
2522,2.486888660449571
2523,2.539899094769577
2524,2.5931621637663884
2525,2.6466531539559526
2526,2.700216605349837
2527,2.753047541556297
2528,2.775434989491931
2529,2.827116789252134
2530,2.8789905586645634
2531,2.931056205831661
2532,2.983780966785009
2533,3.0373428396952438
2534,3.088466490050436
2535,3.1414286809826386
2536,3.192857277395518
2537,3.245255552041886
2538,3.300963802925768
2539,3.3520854468581796
2540,3.402992803977389
2541,3.4557433193579037
2542,3.5076671612926518
2543,3.560189524947754
2544,3.6123567816157234
2545,3.664597644626978
2546,3.715922781857607
2547,3.7680218802841203
2548,3.8206681071886663
2549,3.8713461558242805
2550,3.918831974013747
2551,3.966505731902485
2552,4.014328459815877
2553,4.061659259690414
2554,4.116672450552089
2555,4.177542072937909
2556,4.252066204533362
2557,4.336288062814175
2558,4.420485470843582
2559,4.505123856140532
2560,4.6074611590444885
2561,4.691182971660664
2562,4.757048532450833
2563,4.795336670620715
2564,4.832907638625766
2565,4.868962787460102
2566,4.904973462695562
2567,4.9408827840434135
2568,4.974807065549607
2569,5.007891029450283
2570,5.040391171057729
2571,5.0704471780217695
2572,5.100378383041555
2573,5.130262218780594
2574,5.160162131594129
2575,5.190746580625213
2576,5.227978924191683
2577,5.269897264004815
2578,5.301706312739679
2579,5.346349905348392
2580,5.391025596496627
2581,5.435111902465877
2582,5.480156814702976
2583,5.526289124768914
2584,5.570903326120771
2585,5.611854499210649
2586,5.652834327184797
2587,5.693842845654059
2588,5.734910364865721
2589,5.793437177934365
2590,5.830801127987771
2591,5.86786416280704
2592,5.905129708094661
2593,5.942420751561212
2594,5.978817474171434
2595,6.0253976095176185
2596,6.077679276847206
2597,6.139860691676839
2598,6.208842010625924
2599,6.28015422438542
2600,6.351540933085335
2601,6.440529325660913
2602,6.507988540418211
2603,6.554309658054228
2604,6.5659485193706075
2605,6.576925896574425
2606,6.590069999415112
2607,6.603219332922459
2608,6.615873099238843
2609,6.625754203547362
2610,6.635213031609555
2611,6.644023425687931
2612,6.650408294095235
2613,6.656398733934847
2614,6.662390477811932
2615,6.667077561486107
2616,6.6716039119001955
2617,6.676993570434942
2618,6.684109717020232
2619,6.70278627516831
2620,6.7108955825620304
2621,6.719007138461339
2622,6.727120943615341
2623,6.735358030841514
2624,6.744118576104287
2625,6.754087366031794
2626,6.759839290338523
2627,6.76677868928262
2628,6.773719896052029
2629,6.7806629111560675
2630,6.78516727182018
2631,6.78547475552592
2632,6.7841834840947906
2633,6.7833385328437235
2634,6.781456952719226
2635,6.779573594138647
2636,6.777688455286116
2637,6.77941787958938
2638,6.784193334286977
2639,6.792515015196487
2640,6.796221816705386
2641,6.800172724117147
2642,6.804124684867853
2643,6.807773350310635
2644,6.813488265987199
2645,6.819980302418012
2646,6.820879831346229
2647,6.8210855069824925
2648,6.817496049156319
2649,6.813904130105928
2650,6.810661681295012
2651,6.807899156159544
2652,6.807024324077875
2653,6.803450116557778
2654,6.798711522808702
2655,6.795606619599623
2656,6.792499458402306
2657,6.789587204400084
2658,6.786000804521305
2659,6.778250043702728
2660,6.76759323277828
2661,6.7568019266413355
2662,6.745253990791852
2663,6.733700285443509
2664,6.721952258223581
2665,6.7133849273567545
2666,6.70440231443796
2667,6.696392788749859
2668,6.687329751248244
2669,6.6768057148837885
2670,6.668820114163884
2671,6.6608304765753745
2672,6.653858078054713
2673,6.648017597081866
2674,6.6415575594937115
2675,6.634273956605038
2676,6.624839796723454
2677,6.615401454891241
2678,6.605958928389025
2679,6.596472219333099
2680,6.587819962452272
2681,6.579423781837489
2682,6.568850995315889
2683,6.557395550640019
2684,6.545934430114715
2685,6.534467629682818
2686,6.523322539991382
2687,6.514446374056271
2688,6.507002055121685
2689,6.5016642918604
2690,6.4931366198265055
2691,6.48460411943594
2692,6.476066787053885
2693,6.464031551703438
2694,6.454863798027131
2695,6.444586792600412
2696,6.430039011860188
2697,6.416168038521471
2698,6.402290443104097
2699,6.388406220958151
2700,6.376185520576351
2701,6.36355516285373
2702,6.349128352548447
2703,6.335212109363763
2704,6.3207713836435655
2705,6.306324256900315
2706,6.29187072496182
2707,6.276834190843885
2708,6.265478775688999
2709,6.256135079211227
2710,6.246957193418434
2711,6.2358743749655625
2712,6.224785538731306
2713,6.213690680163278
2714,6.201931929755291
2715,6.1904557788497225
2716,6.180633407953957
2717,6.17062675526442
2718,6.162370574901471
2719,6.154109825134782
2720,6.145844502466362
2721,6.137068831204064
2722,6.123471252450093
2723,6.1145605722569005
2724,6.104556644009847
2725,6.088487622228736
2726,6.072411237833903
2727,6.056327485962654
2728,6.039419791373146
2729,6.0264017016663285
2730,6.015103083745499
2731,6.009173429568209
2732,5.999380688741518
2733,5.989583548622093
2734,5.979782006303256
2735,5.9677634093349265
2736,5.953769933959459
2737,5.937084460609635
2738,5.915539004707667
2739,5.895184952530798
2740,5.8748220949104075
2741,5.854450426190891
2742,5.824037743991501
2743,5.808475055615298
2744,5.794595377945519
2745,5.778535251408232
2746,5.765060266882265
2747,5.751577933705015
2748,5.736721607917461
2749,5.7242063403225965
2750,5.708931722370773
2751,5.691998700562765
2752,5.6744850215053155
2753,5.656361679151658
2754,5.638229051977854
2755,5.618921697640761
2756,5.599697323355859
2757,5.581146524073832
2758,5.5613135792609185
2759,5.5428971984871644
2760,5.527521404637875
2761,5.512137574752126
2762,5.495103290080618
2763,5.4761339267489335
2764,5.458111798506656
2765,5.44031865539195
2766,5.420530354783981
2767,5.399347232778847
2768,5.378155240819306
2769,5.357426530146997
2770,5.341348997974501
2771,5.326379270504185
2772,5.321803367791586
2773,5.3073876991954485
2774,5.2912210006626115
2775,5.275045669952336
2776,5.258861700519996
2777,5.242348184308545
2778,5.225455190811315
2779,5.209055930058527
2780,5.193745911490633
2781,5.174080171131019
2782,5.154404775248021
2783,5.134719716920636
2784,5.113499457887438
2785,5.096222797145545
2786,5.082012995395585
2787,5.068964257146828
2788,5.055440130846796
2789,5.041908505640032
2790,5.028369375737159
2791,5.012875143033729
2792,4.995702309817324
2793,4.975598566326723
2794,4.959325900079903
2795,4.939718408973891
2796,4.9201017882628895
2797,4.900939786950622
2798,4.877452129032404
2799,4.852654460676704
2800,4.827309903235294
2801,4.8029174693732894
2802,4.781182870848757
2803,4.73309707568931
2804,4.7104667331469985
2805,4.688045815637091
2806,4.663080736059058
2807,4.640128060125737
2808,4.617877577752928
2809,4.597652345974125
2810,4.577606131074365
2811,4.558097715695445
2812,4.537825435002183
2813,4.515281184452139
2814,4.495729602967695
2815,4.477446740571058
2816,4.458497864541267
2817,4.439257356482801
2818,4.419738905112688
2819,4.399811043347591
2820,4.373316604616831
2821,4.3463637000073625
2822,4.323515335157064
2823,4.299941575358973
2824,4.280072341730788
2825,4.26206587983745
2826,4.243948076354682
2827,4.22580109242726
2828,4.207548626790406
2829,4.188610081653291
2830,4.163629790872039
2831,4.1426958758691885
2832,4.117576706560688
2833,4.091713977414832
2834,4.065693821312628
2835,4.036973318308924
2836,4.0079702398973165
2837,3.979387970327072
2838,3.9498062201425572
2839,3.9203612637298404
2840,3.891954480854211
2841,3.864095992143305
2842,3.8357210059762314
2843,3.806193266588698
2844,3.7776012001050754
2845,3.748833108908376
2846,3.719889103446201
2847,3.6896776624349616
2848,3.6589009146171314
2849,3.626335923643256
2850,3.591576450373058
2851,3.553780684304809
2852,3.515026393053117
2853,3.4692842044221797
2854,3.431467351938289
2855,3.394019085004577
2856,3.356834566899356
2857,3.318150689371471
2858,3.280201568250094
2859,3.2425480619585363
2860,3.204761473603127
2861,3.166896647234113
2862,3.1299095572734252
2863,3.092718959971145
2864,3.0574784758408526
2865,3.0207512177717337
2866,2.9843050072611224
2867,2.9477235861233675
2868,2.9107971221081543
2869,2.869025427421658
2870,2.8222601895742825
2871,2.7600376036721634
2872,2.6919267412782446
2873,2.6238576946688985
2874,2.5547997713726467
2875,2.470205585320217
2876,2.405556144546913
2877,2.361208408113308
2878,2.343579303092702
2879,2.3269016633378587
2880,2.3117595700895803
2881,2.2986633690274427
2882,2.2841618999705586
2883,2.2715815842014555
2884,2.2604830122633723
2885,2.250195942944816
2886,2.2409412510697733
2887,2.2314929063998648
2888,2.2225731710179017
2889,2.2153486900716235
2890,2.207841664224423
2891,2.193842413704065
2892,2.177533188318516
2893,2.172184119478473
2894,2.1544111578058676
2895,2.1367883074442755
2896,2.118569925868461
2897,2.1003492687563625
2898,2.082229404824732
2899,2.066002227718167
2900,2.0492375746981066
2901,2.032318360578259
2902,2.015016092353118
2903,1.995976071921703
2904,1.981675384264494
2905,1.9692317901084113
2906,1.956868276587091
2907,1.944286415954278
2908,1.931284899151013
2909,1.917444870855988
2910,1.901744957005434
2911,1.8861678121163452
2912,1.8712926243294206
2913,1.853582679412317
2914,1.8351968895131714
2915,1.817381543717035
2916,1.8003650923302699
2917,1.783868332227267
2918,1.7671530006770464
2919,1.7579207139766675
2920,1.7494801865031908
2921,1.7412785681401157
2922,1.7338011561203999
2923,1.7262102853863812
2924,1.7208555510029298
2925,1.7133619598907703
2926,1.706485021257044
2927,1.7003014543638209
2928,1.6931170371680215
2929,1.6854387268845246
2930,1.679740996473865
2931,1.6727883221043127
2932,1.6660115604799506
2933,1.6567128849006059
2934,1.6459517892125213
2935,1.6360709180460606
2936,1.6261868238032928
2937,1.6166083774681255
2938,1.6063531014084802
2939,1.5951837015700452
2940,1.5862423544713211
2941,1.5809785590200809
2942,1.5745419394551243
2943,1.5681593427047824
2944,1.5617406909529166
2945,1.5553313571947616
2946,1.5525997491057266
2947,1.5501474552115138
2948,1.5473935979191404
2949,1.5443449797459081
2950,1.5412953044762698
2951,1.5382445715596162
2952,1.5330345699415915
2953,1.5272077742360874
2954,1.5168038879674377
2955,1.5109680781799604
2956,1.5059132663068482
2957,1.5008566194203627
2958,1.4961024854444034
2959,1.4919995616469173
2960,1.4882042644113032
2961,1.4849082403080835
2962,1.4800288987321721
2963,1.4770883511883195
2964,1.4741465335072936
2965,1.4708515112470613
2966,1.4695047081897918
2967,1.4647286089741725
2968,1.4608422208543441
2969,1.4574391622334035
2970,1.4535309277809407
2971,1.4496212040704117
2972,1.445512823075946
2973,1.4414886235601658
2974,1.4393873828962187
2975,1.437752977779712
2976,1.4354610322694716
2977,1.433562994521636
2978,1.4316642149666636
2979,1.4299532413241849
2980,1.4283437157328907
2981,1.4272745342054014
2982,1.4244761296186113
2983,1.420556740976357
2984,1.4194778651949091
2985,1.4158550596848487
2986,1.4122307931651212
2987,1.4081861397472668
2988,1.4047071154316875
2989,1.4022216275836925
2990,1.399886487951549
2991,1.3972912162479147
2992,1.3946947367263745
2993,1.3920970486363986
2994,1.3889239555285595
2995,1.3815646435227666
2996,1.3702495831672277
2997,1.3607119649848105
2998,1.3552059841342041
2999,1.3496981976495874
3000,1.3441886046415918
3001,1.3403989626615305
3002,1.3349820290163334
3003,1.3295873608133615
3004,1.325677199161146
3005,1.3220033183125492
3006,1.3183283479651813
3007,1.3111923722171914
3008,1.308302899061598
3009,1.3060589432949978
3010,1.3035173739311388
3011,1.2999427965074117
3012,1.2954845245731885
3013,1.2910247235933987
3014,1.2861108569555988
3015,1.2789570501999084
3016,1.2689182107116128
3017,1.2592533054239157
3018,1.2484118519206708
3019,1.23853567595466
3020,1.228656111983116
3021,1.2199191061278976
3022,1.2121791306284528
3023,1.202296885193947
3024,1.1929849084424342
3025,1.1843151929851663
3026,1.1756835174793023
3027,1.1670490097989257
3028,1.1581488990669397
3029,1.1485821542165917
3030,1.138748518219936
3031,1.127836827224682
3032,1.1179034860203778
3033,1.1079941812559806
3034,1.100455685043646
3035,1.0905391984228103
3036,1.0836163314163976
3037,1.0794073597971554
3038,1.0685952294793806
3039,1.05677861338103
3040,1.0494391111478976
3041,1.0420974508190621
3042,1.0347536314434302
3043,1.0289514437804126
3044,1.0209501665100928
3045,1.0133769299539717
3046,1.0049958123615719
3047,0.9972780038764535
3048,0.9895574624573715
3049,0.9818341866512199
3050,0.973575734895535
3051,0.9646670345763262
3052,0.9572930792697436
3053,0.9496855707487111
3054,0.9424990429310949
3055,0.935310015664049
3056,0.9281184876469464
3057,0.9226488137825353
3058,0.9141527406782499
3059,0.9053533510089578
3060,0.8972126743385802
3061,0.8889289649230001
3062,0.8806425124577206
3063,0.8723533155803622
3064,0.8632596785020716